rule,threshold,false_rejection,catch_rate,balanced_accuracy
lexical,0.4,0.0303,0.2188,0.5942
lexical,0.5,0.0303,0.2812,0.6255
lexical,0.6,0.0303,0.5,0.7348
lexical,0.7,0.0606,0.5938,0.7666
nli,0.1,0.3939,0.8125,0.7093
nli,0.3,0.5152,0.8438,0.6643
nli,0.5,0.5152,0.8438,0.6643
nli,0.7,0.5758,0.9062,0.6652
embedding,0.5,0.0,0.2188,0.6094
embedding,0.6,0.0303,0.5,0.7348
embedding,0.7,0.0909,0.75,0.8295
embedding,0.8,0.303,0.875,0.786
hybrid,0.5,0.6364,0.8438,0.6037
hybrid,0.6,0.6364,0.9062,0.6349
hybrid,0.7,0.6667,0.9688,0.651
combined,0.6,0.0,0.4062,0.7031
combined,0.7,0.0,0.5312,0.7656
combined,0.75,0.0303,0.5625,0.7661
combined,0.8,0.0606,0.5938,0.7666
